               epoch,      train/box_loss,      train/obj_loss,      train/cls_loss,   metrics/precision,      metrics/recall,     metrics/mAP_0.5,metrics/mAP_0.5:0.95,        val/box_loss,        val/obj_loss,        val/cls_loss,               x/lr0,               x/lr1,               x/lr2
                   0,            0.087891,            0.021242,                   0,             0.58457,             0.69919,             0.59763,             0.31736,            0.030912,            0.012216,                   0,              0.0757,              0.0027,              0.0027
                   1,            0.050614,            0.023966,                   0,             0.62417,             0.87764,             0.80031,              0.5461,            0.025464,            0.011352,                   0,            0.047778,           0.0027775,           0.0027775
